{
  "workflow": "support_classifier",
  "current_model": "gpt-3.5-turbo",
  "target_model": "gpt-3.5-turbo",
  "status": "no_change",
  "iterations": 2,
  "succeeded": true,
  "baseline": {
    "n": 174,
    "schema_error_rate": 0.0,
    "refusal_rate": 0.0,
    "accuracy": 0.9080459770114943,
    "precision": 0.9285714285714286,
    "recall": 0.9,
    "f1": 0.8958333333333333,
    "avg_latency_ms": 0.20573156331826387,
    "total_cost": null,
    "score": null,
    "per_class": {
      "account": {
        "support": 29,
        "precision": 1.0,
        "recall": 1.0,
        "f1": 1.0
      },
      "billing": {
        "support": 40,
        "precision": 0.7142857142857143,
        "recall": 1.0,
        "f1": 0.8333333333333333
      },
      "refund": {
        "support": 40,
        "precision": 1.0,
        "recall": 0.6,
        "f1": 0.7499999999999999
      },
      "technical": {
        "support": 65,
        "precision": 1.0,
        "recall": 1.0,
        "f1": 1.0
      }
    },
    "per_field": {},
    "schema_errors": 0,
    "refusals": 0,
    "labeled": 174,
    "scored": 0
  },
  "naive_target": {
    "n": 174,
    "schema_error_rate": 0.0,
    "refusal_rate": 0.0,
    "accuracy": 0.9080459770114943,
    "precision": 0.9285714285714286,
    "recall": 0.9,
    "f1": 0.8958333333333333,
    "avg_latency_ms": 0.19029765483527178,
    "total_cost": null,
    "score": null,
    "per_class": {
      "account": {
        "support": 29,
        "precision": 1.0,
        "recall": 1.0,
        "f1": 1.0
      },
      "billing": {
        "support": 40,
        "precision": 0.7142857142857143,
        "recall": 1.0,
        "f1": 0.8333333333333333
      },
      "refund": {
        "support": 40,
        "precision": 1.0,
        "recall": 0.6,
        "f1": 0.7499999999999999
      },
      "technical": {
        "support": 65,
        "precision": 1.0,
        "recall": 1.0,
        "f1": 1.0
      }
    },
    "per_field": {},
    "schema_errors": 0,
    "refusals": 0,
    "labeled": 174,
    "scored": 0
  },
  "final": {
    "n": 174,
    "schema_error_rate": 0.0,
    "refusal_rate": 0.0,
    "accuracy": 0.9080459770114943,
    "precision": 0.9285714285714286,
    "recall": 0.9,
    "f1": 0.8958333333333333,
    "avg_latency_ms": 0.19029765483527178,
    "total_cost": null,
    "score": null,
    "per_class": {
      "account": {
        "support": 29,
        "precision": 1.0,
        "recall": 1.0,
        "f1": 1.0
      },
      "billing": {
        "support": 40,
        "precision": 0.7142857142857143,
        "recall": 1.0,
        "f1": 0.8333333333333333
      },
      "refund": {
        "support": 40,
        "precision": 1.0,
        "recall": 0.6,
        "f1": 0.7499999999999999
      },
      "technical": {
        "support": 65,
        "precision": 1.0,
        "recall": 1.0,
        "f1": 1.0
      }
    },
    "per_field": {},
    "schema_errors": 0,
    "refusals": 0,
    "labeled": 174,
    "scored": 0
  },
  "holdout": {
    "n": 116,
    "schema_error_rate": 0.0,
    "refusal_rate": 0.0,
    "accuracy": 0.9224137931034483,
    "precision": 0.9423076923076923,
    "recall": 0.91,
    "f1": 0.9125132555673383,
    "avg_latency_ms": 0.2647650865677359,
    "total_cost": null,
    "score": null,
    "per_class": {
      "account": {
        "support": 21,
        "precision": 1.0,
        "recall": 1.0,
        "f1": 1.0
      },
      "billing": {
        "support": 30,
        "precision": 0.7692307692307693,
        "recall": 1.0,
        "f1": 0.8695652173913044
      },
      "refund": {
        "support": 25,
        "precision": 1.0,
        "recall": 0.64,
        "f1": 0.7804878048780487
      },
      "technical": {
        "support": 40,
        "precision": 1.0,
        "recall": 1.0,
        "f1": 1.0
      }
    },
    "per_field": {},
    "schema_errors": 0,
    "refusals": 0,
    "labeled": 116,
    "scored": 0
  },
  "holdout_checks": [
    {
      "name": "no_regression_f1",
      "passed": true,
      "detail": "0.913 >= 0.913 - 0.02"
    },
    {
      "name": "no_regression_schema_error_rate",
      "passed": true,
      "detail": "0.000 <= 0.000 + 0.02"
    },
    {
      "name": "no_regression_refusal_rate",
      "passed": true,
      "detail": "0.000 <= 0.000 + 0.02"
    }
  ],
  "tuning_checks": [],
  "remaining_clusters": [
    {
      "kind": "misclassification",
      "key": "refund -> billing",
      "count": 16,
      "example_indices": [
        1,
        14,
        18,
        28,
        30
      ]
    }
  ],
  "edited_files": [],
  "experiment_log": [
    {
      "iteration": 0,
      "kind": "llm",
      "rationale": "The failure cluster indicates a consistent misclassification of 'refund' requests as 'billing'. This suggests the model may not be distinguishing between requests for refunds and general billing inquiries. By adding a clear example of a refund request to the few-shot examples, the model can better learn the distinction between these categories.",
      "files": [
        "prompts/examples.yml"
      ],
      "primary": 0.8958333333333333,
      "schema_error_rate": 0.0,
      "refusal_rate": 0.0,
      "passed_tuning": false,
      "accepted": false,
      "error": null,
      "diff_size": 2,
      "file_contents": {
        "prompts/examples.yml": "# Few-shot examples appended to the system prompt.\n# Safe for the migration tool to edit/extend.\nexamples:\n  - text: \"My invoice shows the wrong amount this month\"\n    category: billing\n  - text: \"The app crashes every time I upload a file\"\n    category: technical\n  - text: \"I need to reset my password, the link isn't working\"\n    category: account\n  - text: \"I want a refund for a double charge on my credit card\"\n    category: refund\n"
      }
    },
    {
      "iteration": 0,
      "kind": "llm",
      "rationale": "The misclassification of refund requests as billing issues suggests that the model may not be distinguishing between general billing inquiries and requests for money to be returned. Adding a clear example of a refund request to the few-shot examples will help the model understand the distinction better.",
      "files": [
        "prompts/examples.yml"
      ],
      "primary": 0.8958333333333333,
      "schema_error_rate": 0.0,
      "refusal_rate": 0.0,
      "passed_tuning": false,
      "accepted": false,
      "error": null,
      "diff_size": 2,
      "file_contents": {
        "prompts/examples.yml": "# Few-shot examples appended to the system prompt.\n# Safe for the migration tool to edit/extend.\nexamples:\n  - text: \"My invoice shows the wrong amount this month\"\n    category: billing\n  - text: \"The app crashes every time I upload a file\"\n    category: technical\n  - text: \"I need to reset my password, the link isn't working\"\n    category: account\n  - text: \"I want a refund because I was charged twice for my subscription\"\n    category: refund\n"
      }
    },
    {
      "iteration": 1,
      "kind": "llm",
      "rationale": "The failure cluster indicates a consistent misclassification of 'refund' requests as 'billing'. This suggests that the model may not be distinguishing between requests for refunds and general billing inquiries. Adding a clear example of a refund request in the few-shot examples should help the model better understand the distinction between these categories.",
      "files": [
        "prompts/examples.yml"
      ],
      "primary": 0.8958333333333333,
      "schema_error_rate": 0.0,
      "refusal_rate": 0.0,
      "passed_tuning": false,
      "accepted": false,
      "error": null,
      "diff_size": 2,